{
  "floor": {
    "mesh": {
      "id": 17,
      "uuid": "84f902b7-95eb-48c7-a253-12a1053f8de5",
      "scale": {
        "x": 1,
        "y": 1,
        "z": 1
      },
      "matrix": {
        "elements": [
          1,
          0,
          0,
          0,
          0,
          2.220446049250313e-16,
          -1,
          0,
          0,
          1,
          2.220446049250313e-16,
          0,
          0,
          0,
          0,
          1
        ]
      },
      "material": {
        "side": 2,
        "type": "MeshBasicMaterial",
        "uuid": "df13e4e7-28bc-49af-a56d-38db180316f8",
        "color": 16777215,
        "metadata": {
          "type": "Material",
          "version": 4.6,
          "generator": "Material.toJSON"
        },
        "blendColor": 0,
        "reflectivity": 1,
        "envMapRotation": [
          0,
          0,
          0,
          "XYZ"
        ],
        "refractionRatio": 0.98
      },
      "position": {
        "x": 0,
        "y": 0,
        "z": 0
      },
      "rotation": {
        "_x": -1.5707963267948966,
        "_y": 0,
        "_z": 0,
        "_order": "XYZ",
        "isEuler": true
      },
      "matrixWorld": {
        "elements": [
          1,
          0,
          0,
          0,
          0,
          2.220446049250313e-16,
          -1,
          0,
          0,
          1,
          2.220446049250313e-16,
          0,
          0,
          0,
          0,
          1
        ]
      }
    },
    "geometry": {
      "id": 441,
      "uuid": "d6918ec4-3f4e-40f2-86c4-1d353f46c2e7",
      "morph": {},
      "width": 6.61,
      "height": 5.3100000000000005,
      "uvArrayAttribute": {
        "0": 0,
        "1": 1,
        "2": 1,
        "3": 1,
        "4": 0,
        "5": 0,
        "6": 1,
        "7": 0
      },
      "normalArrayAttribute": {
        "0": 0,
        "1": 0,
        "2": 1,
        "3": 0,
        "4": 0,
        "5": 1,
        "6": 0,
        "7": 0,
        "8": 1,
        "9": 0,
        "10": 0,
        "11": 1
      },
      "positionArrayAttribute": {
        "0": -3.305000066757202,
        "1": 2.6549999713897705,
        "2": 0,
        "3": 3.305000066757202,
        "4": 2.6549999713897705,
        "5": 0,
        "6": -3.305000066757202,
        "7": -2.6549999713897705,
        "8": 0,
        "9": 3.305000066757202,
        "10": -2.6549999713897705,
        "11": 0
      }
    }
  },
  "group": {
    "scale": {
      "x": 1,
      "y": 1,
      "z": 1
    },
    "martix": {
      "elements": [
        1,
        0,
        0,
        0,
        0,
        1,
        0,
        0,
        0,
        0,
        1,
        0,
        0,
        0,
        0,
        1
      ]
    },
    "position": {
      "x": 0,
      "y": 0,
      "z": 0
    },
    "rotation": {
      "_x": 0,
      "_y": 0,
      "_z": 0,
      "_order": "XYZ",
      "isEuler": true
    },
    "matrixWorld": {
      "elements": [
        1,
        0,
        0,
        0,
        0,
        1,
        0,
        0,
        0,
        0,
        1,
        0,
        0,
        0,
        0,
        1
      ]
    }
  },
  "walls": [
    {
      "mesh": {
        "id": 13,
        "uuid": "cb5e1f35-8398-4b10-968d-ea8e2393bf0f",
        "scale": {
          "x": 5.3100000000000005,
          "y": 1,
          "z": 1
        },
        "matrix": {
          "elements": [
            0.004228494833993631,
            0,
            -5.309998316368043,
            0,
            0,
            1,
            0,
            0,
            0.9999996829318347,
            0,
            0.0007963267107332639,
            0,
            -3.305,
            0.5,
            0,
            1
          ]
        },
        "material": {
          "side": 2,
          "type": "MeshBasicMaterial",
          "uuid": "78f1a7c9-1bd6-4078-a6d1-ad02dce77c94",
          "color": 16711680,
          "metadata": {
            "type": "Material",
            "version": 4.6,
            "generator": "Material.toJSON"
          },
          "blendColor": 0,
          "reflectivity": 1,
          "envMapRotation": [
            0,
            0,
            0,
            "XYZ"
          ],
          "refractionRatio": 0.98
        },
        "position": {
          "x": -3.305,
          "y": 0.5,
          "z": 0
        },
        "rotation": {
          "_x": 0,
          "_y": 1.57,
          "_z": 0,
          "_order": "XYZ",
          "isEuler": true
        },
        "matrixWorld": {
          "elements": [
            0.004228494833993631,
            0,
            -5.309998316368043,
            0,
            0,
            1,
            0,
            0,
            0.9999996829318347,
            0,
            0.0007963267107332639,
            0,
            -3.305,
            0.5,
            0,
            1
          ]
        }
      },
      "geometry": {
        "id": 5,
        "uuid": "3b759543-9900-4550-b3c1-12c94a5635bc",
        "morph": {},
        "width": 1,
        "height": 1,
        "uvArrayAttribute": {
          "0": 0,
          "1": 1,
          "2": 1,
          "3": 1,
          "4": 0,
          "5": 0,
          "6": 1,
          "7": 0
        },
        "normalArrayAttribute": {
          "0": 0,
          "1": 0,
          "2": 1,
          "3": 0,
          "4": 0,
          "5": 1,
          "6": 0,
          "7": 0,
          "8": 1,
          "9": 0,
          "10": 0,
          "11": 1
        },
        "positionArrayAttribute": {
          "0": -0.5,
          "1": 0.5,
          "2": 0,
          "3": 0.5,
          "4": 0.5,
          "5": 0,
          "6": -0.5,
          "7": -0.5,
          "8": 0,
          "9": 0.5,
          "10": -0.5,
          "11": 0
        }
      }
    },
    {
      "mesh": {
        "id": 14,
        "uuid": "7e8697e5-7f5d-4fff-90fe-9c32bb7d5d10",
        "scale": {
          "x": 5.3100000000000005,
          "y": 1,
          "z": 1
        },
        "matrix": {
          "elements": [
            0.004228494833993631,
            0,
            -5.309998316368043,
            0,
            0,
            1,
            0,
            0,
            0.9999996829318347,
            0,
            0.0007963267107332639,
            0,
            3.305,
            0.5,
            0,
            1
          ]
        },
        "material": {
          "side": 2,
          "type": "MeshBasicMaterial",
          "uuid": "6a70f898-8394-462b-a0d1-3d2317487103",
          "color": 32768,
          "metadata": {
            "type": "Material",
            "version": 4.6,
            "generator": "Material.toJSON"
          },
          "blendColor": 0,
          "reflectivity": 1,
          "envMapRotation": [
            0,
            0,
            0,
            "XYZ"
          ],
          "refractionRatio": 0.98
        },
        "position": {
          "x": 3.305,
          "y": 0.5,
          "z": 0
        },
        "rotation": {
          "_x": 0,
          "_y": 1.57,
          "_z": 0,
          "_order": "XYZ",
          "isEuler": true
        },
        "matrixWorld": {
          "elements": [
            0.004228494833993631,
            0,
            -5.309998316368043,
            0,
            0,
            1,
            0,
            0,
            0.9999996829318347,
            0,
            0.0007963267107332639,
            0,
            3.305,
            0.5,
            0,
            1
          ]
        }
      },
      "geometry": {
        "id": 7,
        "uuid": "8d4bab47-05e4-494a-a55c-fd5fce71cef2",
        "morph": {},
        "width": 1,
        "height": 1,
        "uvArrayAttribute": {
          "0": 0,
          "1": 1,
          "2": 1,
          "3": 1,
          "4": 0,
          "5": 0,
          "6": 1,
          "7": 0
        },
        "normalArrayAttribute": {
          "0": 0,
          "1": 0,
          "2": 1,
          "3": 0,
          "4": 0,